{"episode_reward_min": 0, "episode_reward_max": 10, "episode_reward_mean": 1.1552699500645336, "episodes_this_iter": 300, "episode_len_mean": 300, "epsilon": 6.165684976324046e-56, "_runtime": 7292, "_timestamp": 1622409023, "_step": 454}