{"episode_reward_min": 0, "episode_reward_max": 10, "episode_reward_mean": 7.132355009471455, "episodes_this_iter": 145, "episode_len_mean": 145, "epsilon": 0.32805000000000006, "_runtime": 821, "_timestamp": 1622500464, "_step": 399}