{"episode_reward_min": 0, "episode_reward_max": 10, "episode_reward_mean": 1.574198215766388, "episodes_this_iter": 229, "episode_len_mean": 229, "epsilon": 0.17433922005000008, "_runtime": 10562, "_timestamp": 1622419604, "_step": 999}