{"episode_reward_min": 9.0, "episode_reward_max": 56.0, "episode_reward_mean": 20.776315789473685, "episodes_this_iter": 76, "episode_len_mean": 20.776315789473685, "_runtime": 9, "_timestamp": 1619357705, "_step": 0}