{"episode_reward_min": 0, "episode_reward_max": 10, "episode_reward_mean": 4.9386021463450565, "episodes_this_iter": 116, "episode_len_mean": 116, "epsilon": 0.06461081889226679, "_runtime": 10986, "_timestamp": 1622460341, "_step": 999}